{"cameraMode":{"drawMode":0,"name":"Shaded","section":"Shading Mode"},"sceneLighting":false,"audioPlay":false,"sceneViewState":{"m_AlwaysRefresh":false,"showFog":true,"showSkybox":false,"showFlares":true,"showImageEffects":true,"showParticleSystems":true,"showVisualEffectGraphs":true,"m_FxEnabled":true},"in2DMode":false,"pivot":{"x":0.000050187110900878906,"y":0.8669485449790955,"z":-0.046044111251831058},"rotation":{"x":0.007090785540640354,"y":-0.9940645694732666,"z":0.0914340391755104,"w":0.06259091943502426},"size":1.4324841499328614,"orthographic":false}