{"cameraMode":{"drawMode":0,"name":"Shaded","section":"Shading Mode"},"sceneLighting":true,"audioPlay":false,"sceneViewState":{"m_AlwaysRefresh":false,"showFog":true,"showSkybox":true,"showFlares":true,"showImageEffects":true,"showParticleSystems":true,"showVisualEffectGraphs":true,"m_FxEnabled":true},"in2DMode":false,"pivot":{"x":137.50949096679688,"y":-62.44850158691406,"z":174.16964721679688},"rotation":{"x":-0.016530433669686319,"y":-0.8728640079498291,"z":0.48688259720802309,"w":-0.029582811519503595},"size":89.11193084716797,"orthographic":false}