{"cameraMode":{"drawMode":0,"name":"Shaded","section":"Shading Mode"},"sceneLighting":false,"audioPlay":false,"sceneViewState":{"m_AlwaysRefresh":false,"showFog":true,"showSkybox":false,"showFlares":true,"showImageEffects":true,"showParticleSystems":true,"showVisualEffectGraphs":true,"m_FxEnabled":true},"in2DMode":false,"pivot":{"x":-0.0000019073486328125,"y":0.21994717419147492,"z":-0.019020557403564454},"rotation":{"x":-0.1304789036512375,"y":-0.8449304103851318,"z":0.2395859956741333,"w":-0.4601084589958191},"size":0.30490919947624209,"orthographic":false}