{"cameraMode":{"drawMode":0,"name":"Shaded","section":"Shading Mode"},"sceneLighting":false,"audioPlay":false,"sceneViewState":{"m_AlwaysRefresh":false,"showFog":true,"showSkybox":false,"showFlares":true,"showImageEffects":true,"showParticleSystems":true,"showVisualEffectGraphs":true,"m_FxEnabled":true},"in2DMode":false,"pivot":{"x":-0.0007023811340332031,"y":5.658510684967041,"z":-0.5550882816314697},"rotation":{"x":-0.12793125212192536,"y":-0.700466513633728,"z":0.12985508143901826,"w":-0.6900284886360169},"size":7.522444248199463,"orthographic":false}