{"cameraMode":{"drawMode":0,"name":"Shaded","section":"Shading Mode"},"sceneLighting":false,"audioPlay":false,"sceneViewState":{"m_AlwaysRefresh":false,"showFog":true,"showSkybox":false,"showFlares":true,"showImageEffects":true,"showParticleSystems":true,"showVisualEffectGraphs":true,"m_FxEnabled":true},"in2DMode":false,"pivot":{"x":0.000039458274841308594,"y":0.8554814457893372,"z":-0.040629684925079349},"rotation":{"x":0.007090785540640354,"y":-0.9940645694732666,"z":0.0914340391755104,"w":0.06259091943502426},"size":1.4257036447525025,"orthographic":false}