{"cameraMode":{"drawMode":0,"name":"Shaded","section":"Shading Mode"},"sceneLighting":false,"audioPlay":false,"sceneViewState":{"m_AlwaysRefresh":false,"showFog":true,"showSkybox":false,"showFlares":true,"showImageEffects":true,"showParticleSystems":true,"showVisualEffectGraphs":true,"m_FxEnabled":true},"in2DMode":false,"pivot":{"x":-0.002301514148712158,"y":0.9457669258117676,"z":0.002168416976928711},"rotation":{"x":-0.23129788041114808,"y":-0.5955559611320496,"z":0.18442149460315705,"w":-0.7468844056129456},"size":1.0950627326965333,"orthographic":false}