{"cameraMode":{"drawMode":0,"name":"Shaded","section":"Shading Mode"},"sceneLighting":false,"audioPlay":false,"sceneViewState":{"m_AlwaysRefresh":false,"showFog":true,"showSkybox":false,"showFlares":true,"showImageEffects":true,"showParticleSystems":true,"showVisualEffectGraphs":true,"m_FxEnabled":true},"in2DMode":false,"pivot":{"x":-0.013261139392852784,"y":1.6577284336090088,"z":0.011424124240875245},"rotation":{"x":-0.23129788041114808,"y":-0.5955559611320496,"z":0.18442149460315705,"w":-0.7468844056129456},"size":2.0511510372161867,"orthographic":false}