{"cameraMode":{"drawMode":0,"name":"Shaded","section":"Shading Mode"},"sceneLighting":false,"audioPlay":false,"sceneViewState":{"m_AlwaysRefresh":false,"showFog":true,"showSkybox":false,"showFlares":true,"showImageEffects":true,"showParticleSystems":true,"showVisualEffectGraphs":true,"m_FxEnabled":true},"in2DMode":false,"pivot":{"x":0.0038612186908721925,"y":0.6517902612686157,"z":-0.49823904037475588},"rotation":{"x":-0.23129788041114808,"y":-0.5955559611320496,"z":0.18442149460315705,"w":-0.7468844056129456},"size":0.8507714867591858,"orthographic":false}